{
  "bar": {
    "xaxis": [
      0.3,
      1.7
    ],
    "yaxis": [
      0,
      1
    ],
    "title": "Probability of finding Evidence",
    "xtick": [
      0.07,
      1.5
    ],
    "ytick": [
      0,
      0.25,
      1
    ],
    "names": [
      "Human",
      "Bayes"
    ],
    "ylabel": "Pr(Evidence)",
    "xlabel": "Agent",
    "t2_avg_score": [
      1292.9854166666667,
      1387.182
    ],
    "t2_avg_samples": [
      2.9570833333333333,
      3.204
    ],
    "t2_perc_confirmatory_allrounds": [
      0.5541236554243263,
      0.686794752904307
    ],
    "t2_perc_confirmatory_round1": [
      0.7781613791877722,
      0.8064048061502431
    ],
    "colors": [
      "red",
      "blue"
    ],
    "width": 0.4
  },
  "scatter": {
    "xaxis": [
      0,
      1
    ],
    "yaxis": [
      0,
      10
    ],
    "title": "Pr(confirmatory) vs Avg number of samples",
    "xtick": [
      0.1,
      0.3,
      0.5,
      0.7,
      0.9
    ],
    "ytick": [
      1.0,
      2.0,
      3.0,
      4.0,
      5.0,
      6.0,
      7.0,
      8.0,
      9.0,
      10.0
    ],
    "names": [
      "Human",
      "Bayes"
    ],
    "ylabel": "Confirmatory Percentage",
    "xlabel": "Average samples",
    "t2_avg_samples": [
      1.96,
      6.16,
      2.24,
      0.56,
      3.12,
      0.04,
      0.0,
      6.48,
      1.04,
      5.76,
      2.4,
      4.76,
      1.04,
      0.0,
      3.24,
      0.56,
      1.96,
      4.12,
      0.84,
      1.64,
      1.24,
      0.64,
      3.36,
      4.96,
      1.56,
      4.04,
      2.04,
      4.64,
      5.4,
      3.28,
      1.84,
      4.32,
      0.0,
      18.92,
      5.16,
      0.48,
      1.96,
      2.6,
      3.68,
      2.72,
      1.08,
      3.68,
      7.8,
      4.36,
      5.4,
      1.36,
      0.4,
      1.76,
      1.2,
      2.16,
      0.6,
      1.96,
      2.0,
      3.2,
      3.48,
      2.16,
      0.48,
      5.72,
      0.32,
      2.68,
      2.08,
      2.12,
      0.68,
      3.2,
      0.84,
      7.44,
      0.68,
      4.44,
      4.92,
      0.96,
      3.12,
      0.8,
      0.12,
      5.6,
      5.32,
      1.76,
      0.04,
      2.92,
      4.56,
      4.08,
      5.64,
      4.72,
      3.2,
      3.28,
      5.44,
      4.36,
      3.52,
      2.88,
      2.64,
      1.92,
      3.16,
      4.2,
      3.16,
      2.36,
      2.12,
      3.04
    ],
    "t2_perc_confirmatory_allrounds": [
      0.6515151515151515,
      0.5090579710144927,
      0.4889643463497454,
      NaN,
      0.5661904761904761,
      NaN,
      NaN,
      0.46871101871101867,
      0.375,
      0.48615384615384616,
      0.5462962962962963,
      0.7316653934300993,
      0.09999999999999998,
      NaN,
      0.2711864406779661,
      NaN,
      0.5238095238095238,
      0.42439785905441574,
      0.5,
      0.28714285714285714,
      0.3375,
      0.5,
      0.5531034482758621,
      0.3887449092928545,
      0.5059523809523809,
      0.46113383985973116,
      0.3854166666666667,
      0.4620338983050848,
      0.45760869565217394,
      0.46770833333333334,
      0.5037593984962406,
      0.5717213114754098,
      NaN,
      0.44824016563147,
      0.49221949221949224,
      0.2,
      0.4904761904761905,
      0.48341523341523346,
      0.4875,
      0.5512016718913271,
      0.5256410256410257,
      0.4920589903573454,
      0.5084806497849976,
      0.38404088050314467,
      0.5682102628285357,
      0.48095238095238096,
      NaN,
      0.38858695652173914,
      0.59375,
      0.4551282051282051,
      NaN,
      0.4858974358974359,
      0.5,
      0.5402255639097744,
      0.4875,
      0.45,
      NaN,
      0.42038640906062624,
      0.7,
      0.46945701357466063,
      0.7104166666666667,
      0.4166666666666667,
      0.8125,
      0.5279069767441861,
      NaN,
      0.44259285411665017,
      0.5,
      0.48361823361823364,
      0.5116758241758241,
      0.42272727272727273,
      0.5111111111111111,
      0.5,
      NaN,
      0.6152625152625153,
      0.6274590163934426,
      0.9137931034482758,
      NaN,
      0.393939393939394,
      0.521671826625387,
      0.4074074074074074,
      0.465452847805789,
      0.4880952380952381,
      0.40403225806451615,
      0.5970839260312945,
      0.5719781583519484,
      0.6026957637997432,
      0.5551020408163265,
      0.5320512820512822,
      0.8604651162790697,
      0.4149159663865546,
      0.4155614500442087,
      0.5116279069767442,
      0.5064102564102564,
      0.8014705882352942,
      0.5761904761904761,
      0.465625
    ],
    "colors": "gray",
    "size": 10
  }
}